	UUU	F	1.82	180725	72.93%	UCU	S	1.69	68650	15.12%	UAU	Y	1.26	101608	42.62%	UGU	C	1.13	90525	50.17%	U
	UUC	F	2.08	67078	27.07%	UCC	S	1.52	37363	8.23%	UAC	Y	1.7	136818	57.38%	UGC	C	1.12	89922	49.83%	C
	UUA	L	0.07	110198	26.97%	UCA	S	1.32	75722	16.68%	UAA	stop	0.011	8908	36.08%	UGA	stop	0.014	11247	45.55%	A
	UUG	L	1.23	82075	20.09%	UCG	S	0.056	18406	4.05%	UAG	stop	0.006	4534	18.36%	UGG	W	1.16	93442	100.00%	G
	CUU	L	1.27	65119	15.94%	CCU	P	1.66	38107	31.12%	CAU	H	1.09	87721	42.43%	CGU	R	0.069	55550	23.13%	U
	CUC	L	1.7	42665	10.44%	CCC	P	1.27	25530	20.85%	CAC	H	1.48	119022	57.57%	CGC	R	0.096	77362	32.21%	C
	CUA	L	0.062	42954	10.51%	CCA	P	1.57	43868	35.82%	CAA	Q	1.18	94926	26.05%	CGA	R	0.067	53777	22.39%	A
	CUG	L	3.76	65616	16.06%	CCG	P	0.082	14956	12.21%	CAG	Q	3.35	269502	73.95%	CGG	R	0.066	53463	22.26%	G
	AUU	I	1.65	118730	43.91%	ACU	T	1.45	60692	15.68%	AAU	N	1.63	130771	40.33%	AGU	S	1.32	106013	23.35%	U
	AUC	I	2.37	51692	19.12%	ACC	T	1.62	130231	33.65%	AAC	N	2.41	193495	59.67%	AGC	S	1.84	147931	32.58%	C
	AUA	I	0.077	99977	36.97%	ACA	T	1.7	136882	35.37%	AAA	K	2.93	235451	48.84%	AGA	R	1.43	115314	58.39%	A
	AUG	M	2.55	98253	100.00%	ACG	T	0.074	59241	15.31%	AAG	K	3.07	246631	51.16%	AGG	R	1.02	82176	41.61%	G
	GUU	V	1.41	75024	33.52%	GCU	A	2.09	168011	31.88%	GAU	D	2.48	199140	47.10%	GGU	G	1.37	110067	21.95%	U
	GUC	V	1.48	37609	16.80%	GCC	A	1.95	156727	29.74%	GAC	D	2.78	223668	52.90%	GGC	G	1.72	138502	27.62%	C
	GUA	V	0.067	48625	21.72%	GCA	A	1.66	133457	25.32%	GAA	E	2.44	196376	36.31%	GGA	G	2.15	172623	34.42%	A
	GUG	V	2.83	62579	27.96%	GCG	A	0.086	68790	13.05%	GAG	E	4.28	344437	63.69%	GGG	G	1	80338	16.02%	G
